transaction_id,product_id,cogs,gross_margin_percentage,gross_income
1,1,522.83,4.761904762,26.1415
2,2,76.4,4.761904762,3.82
3,3,324.31,4.761904762,16.2155
4,4,465.76,4.761904762,23.288
5,5,604.17,4.761904762,30.2085
6,6,597.73,4.761904762,29.8865
7,7,413.04,4.761904762,20.652
8,8,735.6,4.761904762,36.78
9,9,72.52,4.761904762,3.626
10,10,164.52,4.761904762,8.226
11,11,57.92,4.761904762,2.896
12,12,102.04,4.761904762,5.102
13,13,234.75,4.761904762,11.7375
14,14,431.9,4.761904762,21.595
15,15,713.8,4.761904762,35.69
16,16,562.32,4.761904762,28.116
17,17,482.51,4.761904762,24.1255
18,18,435.66,4.761904762,21.783
19,19,164.01,4.761904762,8.2005
20,20,80.6,4.761904762,4.03
21,21,430.2,4.761904762,21.51
22,22,263.94,4.761904762,13.197
23,23,66.4,4.761904762,3.32
24,24,172.8,4.761904762,8.64
25,25,265.89,4.761904762,13.2945
26,26,420.72,4.761904762,21.036
27,27,33.52,4.761904762,1.676
28,28,175.34,4.761904762,8.767
29,29,441.8,4.761904762,22.09
30,30,224.01,4.761904762,11.2005
31,31,470.65,4.761904762,23.5325
32,32,702.63,4.761904762,35.1315
33,33,670.24,4.761904762,33.512
34,34,193.16,4.761904762,9.658
35,35,397.68,4.761904762,19.884
36,36,68.12,4.761904762,3.406
37,37,313.1,4.761904762,15.655
38,38,547.92,4.761904762,27.396
39,39,439.36,4.761904762,21.968
40,40,240.96,4.761904762,12.048
41,41,86.72,4.761904762,4.336
42,42,112.22,4.761904762,5.611
43,43,414.72,4.761904762,20.736
44,44,789.6,4.761904762,39.48
45,45,30.74,4.761904762,1.537
46,46,375.84,4.761904762,18.792
47,47,510.21,4.761904762,25.5105
48,48,180.09,4.761904762,9.0045
49,49,113.58,4.761904762,5.679
50,50,826.3,4.761904762,41.315
51,51,639.8,4.761904762,31.99
52,52,222.95,4.761904762,11.1475
53,53,71.48,4.761904762,3.574
54,54,15.43,4.761904762,0.7715
55,55,32.32,4.761904762,1.616
56,56,687.84,4.761904762,34.392
57,57,88.68,4.761904762,4.434
58,58,716.8,4.761904762,35.84
59,59,723.5,4.761904762,36.175
60,60,183.66,4.761904762,9.183
61,61,74.22,4.761904762,3.711
62,62,334.38,4.761904762,16.719
63,63,495.63,4.761904762,24.7815
64,64,158.1,4.761904762,7.905
65,65,302.96,4.761904762,15.148
66,66,158.7,4.761904762,7.935
67,67,66.94,4.761904762,3.347
68,68,585.66,4.761904762,29.283
69,69,787.7,4.761904762,39.385
70,70,18.33,4.761904762,0.9165
71,71,894.8,4.761904762,44.74
72,72,621.2,4.761904762,31.06
73,73,145.56,4.761904762,7.278
74,74,455.46,4.761904762,22.773
75,75,672.03,4.761904762,33.6015
76,76,416.5,4.761904762,20.825
77,77,441.36,4.761904762,22.068
78,78,180.09,4.761904762,9.0045
79,79,783.1,4.761904762,39.155
80,80,101.9,4.761904762,5.095
81,81,595.14,4.761904762,29.757
82,82,290.04,4.761904762,14.502
83,83,154,4.761904762,7.7
84,84,321.44,4.761904762,16.072
85,85,244.55,4.761904762,12.2275
86,86,581.42,4.761904762,29.071
87,87,382.6,4.761904762,19.13
88,88,345.66,4.761904762,17.283
89,89,42.47,4.761904762,2.1235
90,90,461.94,4.761904762,23.097
91,91,189.52,4.761904762,9.476
92,92,448.6,4.761904762,22.43
93,93,153.86,4.761904762,7.693
94,94,579.24,4.761904762,28.962
95,95,89.75,4.761904762,4.4875
96,96,97.16,4.761904762,4.858
97,97,878.7,4.761904762,43.935
98,98,74.7,4.761904762,3.735
99,99,158.25,4.761904762,7.9125
100,100,496.2,4.761904762,24.81
101,101,48.71,4.761904762,2.4355
102,102,706.95,4.761904762,35.3475
103,103,207.63,4.761904762,10.3815
104,104,349.56,4.761904762,17.478
105,105,212.45,4.761904762,10.6225
106,106,886.7,4.761904762,44.335
107,107,164.28,4.761904762,8.214
108,108,372.78,4.761904762,18.639
109,109,305.82,4.761904762,15.291
110,110,819.7,4.761904762,40.985
111,111,32.98,4.761904762,1.649
112,112,294.63,4.761904762,14.7315
113,113,509.88,4.761904762,25.494
114,114,522.63,4.761904762,26.1315
115,115,727.11,4.761904762,36.3555
116,116,81.06,4.761904762,4.053
117,117,109.7,4.761904762,5.485
118,118,51.36,4.761904762,2.568
119,119,109.6,4.761904762,5.48
120,120,106.88,4.761904762,5.344
121,121,796.48,4.761904762,39.824
122,122,399.84,4.761904762,19.992
123,123,899.64,4.761904762,44.982
124,124,511.28,4.761904762,25.564
125,125,451.76,4.761904762,22.588
126,126,655.83,4.761904762,32.7915
127,127,161.25,4.761904762,8.0625
128,128,285.57,4.761904762,14.2785
129,129,548.32,4.761904762,27.416
130,130,812.52,4.761904762,40.626
131,131,277.34,4.761904762,13.867
132,132,552.78,4.761904762,27.639
133,133,139.36,4.761904762,6.968
134,134,524.7,4.761904762,26.235
135,135,487.8,4.761904762,24.39
136,136,270.66,4.761904762,13.533
137,137,131.55,4.761904762,6.5775
138,138,206.52,4.761904762,10.326
139,139,519.1,4.761904762,25.955
140,140,580,4.761904762,29
141,141,898,4.761904762,44.9
142,142,905,4.761904762,45.25
143,143,686,4.761904762,34.3
144,144,30.41,4.761904762,1.5205
145,145,467.7,4.761904762,23.385
146,146,277.56,4.761904762,13.878
147,147,301.4,4.761904762,15.07
148,148,264.56,4.761904762,13.228
149,149,574.88,4.761904762,28.744
150,150,259.68,4.761904762,12.984
151,151,366.16,4.761904762,18.308
152,152,241.92,4.761904762,12.096
153,153,749.16,4.761904762,37.458
154,154,98.88,4.761904762,4.944
155,155,647.76,4.761904762,32.388
156,156,461.45,4.761904762,23.0725
157,157,72.17,4.761904762,3.6085
158,158,251.4,4.761904762,12.57
159,159,874.98,4.761904762,43.749
160,160,560.34,4.761904762,28.017
161,161,345.44,4.761904762,17.272
162,162,63.69,4.761904762,3.1845
163,163,320.53,4.761904762,16.0265
164,164,152.8,4.761904762,7.64
165,165,399,4.761904762,19.95
166,166,340.56,4.761904762,17.028
167,167,955.8,4.761904762,47.79
168,168,989.8,4.761904762,49.49
169,169,307.68,4.761904762,15.384
170,170,486.64,4.761904762,24.332
171,171,350.05,4.761904762,17.5025
172,172,400.25,4.761904762,20.0125
173,173,166.8,4.761904762,8.34
174,174,317.34,4.761904762,15.867
175,175,158.32,4.761904762,7.916
176,176,304.56,4.761904762,15.228
177,177,177.36,4.761904762,8.868
178,178,157.57,4.761904762,7.8785
179,179,443.28,4.761904762,22.164
180,180,260.4,4.761904762,13.02
181,181,449.82,4.761904762,22.491
182,182,307.76,4.761904762,15.388
183,183,155,4.761904762,7.75
184,184,274.48,4.761904762,13.724
185,185,86.38,4.761904762,4.319
186,186,54.24,4.761904762,2.712
187,187,755.92,4.761904762,37.796
188,188,185.88,4.761904762,9.294
189,189,74.07,4.761904762,3.7035
190,190,279.24,4.761904762,13.962
191,191,231.12,4.761904762,11.556
192,192,147.04,4.761904762,7.352
193,193,790.2,4.761904762,39.51
194,194,102.2,4.761904762,5.11
195,195,163.55,4.761904762,8.1775
196,196,74.29,4.761904762,3.7145
197,197,87.4,4.761904762,4.37
198,198,25.29,4.761904762,1.2645
199,199,166,4.761904762,8.3
200,200,356.95,4.761904762,17.8475
201,201,114.9,4.761904762,5.745
202,202,229.96,4.761904762,11.498
203,203,429.87,4.761904762,21.4935
204,204,259,4.761904762,12.95
205,205,88.85,4.761904762,4.4425
206,206,207.27,4.761904762,10.3635
207,207,599.85,4.761904762,29.9925
208,208,285.3,4.761904762,14.265
209,209,91.11,4.761904762,4.5555
210,210,897.57,4.761904762,44.8785
211,211,236.07,4.761904762,11.8035
212,212,839.34,4.761904762,41.967
213,213,461.8,4.761904762,23.09
214,214,139.26,4.761904762,6.963
215,215,207.27,4.761904762,10.3635
216,216,18.28,4.761904762,0.914
217,217,123.85,4.761904762,6.1925
218,218,283.92,4.761904762,14.196
219,219,758.96,4.761904762,37.948
220,220,172.02,4.761904762,8.601
221,221,272.1,4.761904762,13.605
222,222,434.56,4.761904762,21.728
223,223,59.05,4.761904762,2.9525
224,224,12.54,4.761904762,0.627
225,225,86.5,4.761904762,4.325
226,226,174.32,4.761904762,8.716
227,227,624.33,4.761904762,31.2165
228,228,148.24,4.761904762,7.412
229,229,544.2,4.761904762,27.21
230,230,507.36,4.761904762,25.368
231,231,162.74,4.761904762,8.137
232,232,31.77,4.761904762,1.5885
233,233,756.81,4.761904762,37.8405
234,234,295.28,4.761904762,14.764
235,235,519.4,4.761904762,25.97
236,236,186.28,4.761904762,9.314
237,237,87.05,4.761904762,4.3525
238,238,221.1,4.761904762,11.055
239,239,66.1,4.761904762,3.305
240,240,89.69,4.761904762,4.4845
241,241,224.46,4.761904762,11.223
242,242,119.54,4.761904762,5.977
243,243,186.4,4.761904762,9.32
244,244,250.6,4.761904762,12.53
245,245,750.96,4.761904762,37.548
246,246,380.72,4.761904762,19.036
247,247,244.2,4.761904762,12.21
248,248,89.7,4.761904762,4.485
249,249,310.88,4.761904762,15.544
250,250,511.42,4.761904762,25.571
251,251,418.95,4.761904762,20.9475
252,252,351.9,4.761904762,17.595
253,253,28.78,4.761904762,1.439
254,254,95,4.761904762,4.75
255,255,471.2,4.761904762,23.56
256,256,130.48,4.761904762,6.524
257,257,66.35,4.761904762,3.3175
258,258,155.46,4.761904762,7.773
259,259,129,4.761904762,6.45
260,260,263.76,4.761904762,13.188
261,261,675.54,4.761904762,33.777
262,262,65.8,4.761904762,3.29
263,263,153.2,4.761904762,7.66
264,264,222.4,4.761904762,11.12
265,265,54.45,4.761904762,2.7225
266,266,688.8,4.761904762,34.44
267,267,141.88,4.761904762,7.094
268,268,746,4.761904762,37.3
269,269,282.96,4.761904762,14.148
270,270,355.4,4.761904762,17.77
271,271,337.15,4.761904762,16.8575
272,272,42.24,4.761904762,2.112
273,273,193.86,4.761904762,9.693
274,274,24.06,4.761904762,1.203
275,275,598.26,4.761904762,29.913
276,276,335.79,4.761904762,16.7895
277,277,218.2,4.761904762,10.91
278,278,381.68,4.761904762,19.084
279,279,709.9,4.761904762,35.495
280,280,440.2,4.761904762,22.01
281,281,559.68,4.761904762,27.984
282,282,37,4.761904762,1.85
283,283,15.34,4.761904762,0.767
284,284,598.98,4.761904762,29.949
285,285,190.68,4.761904762,9.534
286,286,333.4,4.761904762,16.67
287,287,74.86,4.761904762,3.743
288,288,213.75,4.761904762,10.6875
289,289,339.57,4.761904762,16.9785
290,290,664.16,4.761904762,33.208
291,291,403,4.761904762,20.15
292,292,194.95,4.761904762,9.7475
293,293,62.48,4.761904762,3.124
294,294,72.72,4.761904762,3.636
295,295,181.1,4.761904762,9.055
296,296,259.6,4.761904762,12.98
297,297,115.36,4.761904762,5.768
298,298,470.28,4.761904762,23.514
299,299,240.04,4.761904762,12.002
300,300,88.61,4.761904762,4.4305
301,301,199.64,4.761904762,9.982
302,302,39.01,4.761904762,1.9505
303,303,48.61,4.761904762,2.4305
304,304,204.76,4.761904762,10.238
305,305,119.68,4.761904762,5.984
306,306,505.4,4.761904762,25.27
307,307,281.61,4.761904762,14.0805
308,308,710.32,4.761904762,35.516
309,309,79.44,4.761904762,3.972
310,310,163.82,4.761904762,8.191
311,311,479.58,4.761904762,23.979
312,312,138.66,4.761904762,6.933
313,313,71.15,4.761904762,3.5575
314,314,139.95,4.761904762,6.9975
315,315,781.3,4.761904762,39.065
316,316,198.74,4.761904762,9.937
317,317,63.24,4.761904762,3.162
318,318,373.95,4.761904762,18.6975
319,319,207.69,4.761904762,10.3845
320,320,176.28,4.761904762,8.814
321,321,206.37,4.761904762,10.3185
322,322,39.42,4.761904762,1.971
323,323,91.56,4.761904762,4.578
324,324,308.85,4.761904762,15.4425
325,325,129.12,4.761904762,6.456
326,326,390.96,4.761904762,19.548
327,327,498.9,4.761904762,24.945
328,328,377.04,4.761904762,18.852
329,329,204.52,4.761904762,10.226
330,330,145.44,4.761904762,7.272
331,331,198.18,4.761904762,9.909
332,332,98.7,4.761904762,4.935
333,333,385.1,4.761904762,19.255
334,334,46.96,4.761904762,2.348
335,335,73.5,4.761904762,3.675
336,336,142.25,4.761904762,7.1125
337,337,687.6,4.761904762,34.38
338,338,347.7,4.761904762,17.385
339,339,142.95,4.761904762,7.1475
340,340,385.38,4.761904762,19.269
341,341,144.27,4.761904762,7.2135
342,342,391.79,4.761904762,19.5895
343,343,538.3,4.761904762,26.915
344,344,485.15,4.761904762,24.2575
345,345,133.95,4.761904762,6.6975
346,346,701.37,4.761904762,35.0685
347,347,71.95,4.761904762,3.5975
348,348,714,4.761904762,35.7
349,349,182.14,4.761904762,9.107
350,350,135,4.761904762,6.75
351,351,993,4.761904762,49.65
352,352,361.83,4.761904762,18.0915
353,353,383.11,4.761904762,19.1555
354,354,243,4.761904762,12.15
355,355,30.24,4.761904762,1.512
356,356,356.56,4.761904762,17.828
357,357,375.5,4.761904762,18.775
358,358,954.4,4.761904762,47.72
359,359,82.5,4.761904762,4.125
360,360,74.97,4.761904762,3.7485
361,361,647.68,4.761904762,32.384
362,362,755.76,4.761904762,37.788
363,363,199.58,4.761904762,9.979
364,364,439.32,4.761904762,21.966
365,365,164.96,4.761904762,8.248
366,366,326.72,4.761904762,16.336
367,367,461.88,4.761904762,23.094
368,368,263.76,4.761904762,13.188
369,369,143.6,4.761904762,7.18
370,370,193.5,4.761904762,9.675
371,371,183.82,4.761904762,9.191
372,372,121.92,4.761904762,6.096
373,373,420.66,4.761904762,21.033
374,374,252.48,4.761904762,12.624
375,375,335.45,4.761904762,16.7725
376,376,483.5,4.761904762,24.175
377,377,318.42,4.761904762,15.921
378,378,668.43,4.761904762,33.4215
379,379,387.92,4.761904762,19.396
380,380,94.6,4.761904762,4.73
381,381,329.32,4.761904762,16.466
382,382,53.22,4.761904762,2.661
383,383,498.45,4.761904762,24.9225
384,384,299.56,4.761904762,14.978
385,385,204.7,4.761904762,10.235
386,386,75.82,4.761904762,3.791
387,387,280.62,4.761904762,14.031
388,388,323.2,4.761904762,16.16
389,389,486.63,4.761904762,24.3315
390,390,127.54,4.761904762,6.377
391,391,241.44,4.761904762,12.072
392,392,379.5,4.761904762,18.975
393,393,76.82,4.761904762,3.841
394,394,522.6,4.761904762,26.13
395,395,79.74,4.761904762,3.987
396,396,387.5,4.761904762,19.375
397,397,271.35,4.761904762,13.5675
398,398,122.31,4.761904762,6.1155
399,399,246.36,4.761904762,12.318
400,400,173.16,4.761904762,8.658
401,401,236.58,4.761904762,11.829
402,402,184.88,4.761904762,9.244
403,403,13.98,4.761904762,0.699
404,404,198.75,4.761904762,9.9375
405,405,684.53,4.761904762,34.2265
406,406,269.04,4.761904762,13.452
407,407,68.95,4.761904762,3.4475
408,408,274.84,4.761904762,13.742
409,409,226.12,4.761904762,11.306
410,410,119.1,4.761904762,5.955
411,411,342.1,4.761904762,17.105
412,412,43.74,4.761904762,2.187
413,413,104.85,4.761904762,5.2425
414,414,77.52,4.761904762,3.876
415,415,407.44,4.761904762,20.372
416,416,96.11,4.761904762,4.8055
417,417,181.52,4.761904762,9.076
418,418,81.51,4.761904762,4.0755
419,419,114.44,4.761904762,5.722
420,420,176.54,4.761904762,8.827
421,421,115.8,4.761904762,5.79
422,422,252.15,4.761904762,12.6075
423,423,972.1,4.761904762,48.605
424,424,203.36,4.761904762,10.168
425,425,16.28,4.761904762,0.814
426,426,365.49,4.761904762,18.2745
427,427,372.19,4.761904762,18.6095
428,428,62.61,4.761904762,3.1305
429,429,336.35,4.761904762,16.8175
430,430,906.5,4.761904762,45.325
431,431,138.16,4.761904762,6.908
432,432,86.54,4.761904762,4.327
433,433,140.76,4.761904762,7.038
434,434,668.78,4.761904762,33.439
435,435,47.44,4.761904762,2.372
436,436,893.16,4.761904762,44.658
437,437,331.72,4.761904762,16.586
438,438,203.94,4.761904762,10.197
439,439,68.16,4.761904762,3.408
440,440,326.88,4.761904762,16.344
441,441,87.2,4.761904762,4.36
442,442,707.44,4.761904762,35.372
443,443,802.89,4.761904762,40.1445
444,444,12.78,4.761904762,0.639
445,445,133.7,4.761904762,6.685
446,446,19.15,4.761904762,0.9575
447,447,276.6,4.761904762,13.83
448,448,137.22,4.761904762,6.861
449,449,27.07,4.761904762,1.3535
450,450,39.12,4.761904762,1.956
451,451,448.26,4.761904762,22.413
452,452,132.06,4.761904762,6.603
453,453,318.05,4.761904762,15.9025
454,454,25,4.761904762,1.25
455,455,83.08,4.761904762,4.154
456,456,147.8,4.761904762,7.39
457,457,696.6,4.761904762,34.83
458,458,793.9,4.761904762,39.695
459,459,465.7,4.761904762,23.285
460,460,35.89,4.761904762,1.7945
461,461,202.6,4.761904762,10.13
462,462,730.5,4.761904762,36.525
463,463,295.8,4.761904762,14.79
464,464,22.62,4.761904762,1.131
465,465,256.7,4.761904762,12.835
466,466,545.5,4.761904762,27.275
467,467,260.05,4.761904762,13.0025
468,468,222.12,4.761904762,11.106
469,469,21.58,4.761904762,1.079
470,470,98.84,4.761904762,4.942
471,471,502.62,4.761904762,25.131
472,472,160.2,4.761904762,8.01
473,473,431.3,4.761904762,21.565
474,474,580.56,4.761904762,29.028
475,475,322.2,4.761904762,16.11
476,476,195.54,4.761904762,9.777
477,477,166.3,4.761904762,8.315
478,478,336.28,4.761904762,16.814
479,479,343.7,4.761904762,17.185
480,480,38.6,4.761904762,1.93
481,481,527.76,4.761904762,26.388
482,482,328,4.761904762,16.4
483,483,185.7,4.761904762,9.285
484,484,603.8,4.761904762,30.19
485,485,369.8,4.761904762,18.49
486,486,197.96,4.761904762,9.898
487,487,410.9,4.761904762,20.545
488,488,148.6,4.761904762,7.43
489,489,22.96,4.761904762,1.148
490,490,699.12,4.761904762,34.956
491,491,69.4,4.761904762,3.47
492,492,196.6,4.761904762,9.83
493,493,202.56,4.761904762,10.128
494,494,121.2,4.761904762,6.06
495,495,199.78,4.761904762,9.989
496,496,607.36,4.761904762,30.368
497,497,126.44,4.761904762,6.322
498,498,541.44,4.761904762,27.072
499,499,98.13,4.761904762,4.9065
500,500,412.16,4.761904762,20.608
501,501,73.97,4.761904762,3.6985
502,502,31.9,4.761904762,1.595
503,503,138.8,4.761904762,6.94
504,504,186.62,4.761904762,9.331
505,505,88.45,4.761904762,4.4225
506,506,193.44,4.761904762,9.672
507,507,145.5,4.761904762,7.275
508,508,504.3,4.761904762,25.215
509,509,306.45,4.761904762,15.3225
510,510,95.7,4.761904762,4.785
511,511,635.18,4.761904762,31.759
512,512,214.55,4.761904762,10.7275
513,513,379.96,4.761904762,18.998
514,514,696.85,4.761904762,34.8425
515,515,408.73,4.761904762,20.4365
516,516,51.47,4.761904762,2.5735
517,517,274.3,4.761904762,13.715
518,518,196.95,4.761904762,9.8475
519,519,69.46,4.761904762,3.473
520,520,359.6,4.761904762,17.98
521,521,137.13,4.761904762,6.8565
522,522,499.02,4.761904762,24.951
523,523,224.64,4.761904762,11.232
524,524,125.74,4.761904762,6.287
525,525,490.26,4.761904762,24.513
526,526,457.05,4.761904762,22.8525
527,527,156.84,4.761904762,7.842
528,528,119.72,4.761904762,5.986
529,529,543.6,4.761904762,27.18
530,530,882.81,4.761904762,44.1405
531,531,152.58,4.761904762,7.629
532,532,693.44,4.761904762,34.672
533,533,229.5,4.761904762,11.475
534,534,146.79,4.761904762,7.3395
535,535,141.6,4.761904762,7.08
536,536,116.69,4.761904762,5.8345
537,537,73.96,4.761904762,3.698
538,538,97.94,4.761904762,4.897
539,539,292.2,4.761904762,14.61
540,540,524.88,4.761904762,26.244
541,541,92.04,4.761904762,4.602
542,542,75.88,4.761904762,3.794
543,543,80.72,4.761904762,4.036
544,544,112.62,4.761904762,5.631
545,545,71.2,4.761904762,3.56
546,546,155.24,4.761904762,7.762
547,547,294.2,4.761904762,14.71
548,548,548.55,4.761904762,27.4275
549,549,257.7,4.761904762,12.885
550,550,396.36,4.761904762,19.818
551,551,171.81,4.761904762,8.5905
552,552,488.79,4.761904762,24.4395
553,553,524.16,4.761904762,26.208
554,554,133.26,4.761904762,6.663
555,555,135.24,4.761904762,6.762
556,556,112.44,4.761904762,5.622
557,557,144.08,4.761904762,7.204
558,558,985.2,4.761904762,49.26
559,559,249.96,4.761904762,12.498
560,560,217.26,4.761904762,10.863
561,561,194.22,4.761904762,9.711
562,562,892,4.761904762,44.6
563,563,339.36,4.761904762,16.968
564,564,447.06,4.761904762,22.353
565,565,198.5,4.761904762,9.925
566,566,812.1,4.761904762,40.605
567,567,493.3,4.761904762,24.665
568,568,591.66,4.761904762,29.583
569,569,559.02,4.761904762,27.951
570,570,517.86,4.761904762,25.893
571,571,410.2,4.761904762,20.51
572,572,266.7,4.761904762,13.335
573,573,70.91,4.761904762,3.5455
574,574,144.78,4.761904762,7.239
575,575,429.55,4.761904762,21.4775
576,576,569.17,4.761904762,28.4585
577,577,241.2,4.761904762,12.06
578,578,127.08,4.761904762,6.354
579,579,257.08,4.761904762,12.854
580,580,139.02,4.761904762,6.951
581,581,81.66,4.761904762,4.083
582,582,310.72,4.761904762,15.536
583,583,185.96,4.761904762,9.298
584,584,72.32,4.761904762,3.616
585,585,189.18,4.761904762,9.459
586,586,206.84,4.761904762,10.342
587,587,157.02,4.761904762,7.851
588,588,215.3,4.761904762,10.765
589,589,596.1,4.761904762,29.805
590,590,73.1,4.761904762,3.655
591,591,279.18,4.761904762,13.959
592,592,169.68,4.761904762,8.484
593,593,45.58,4.761904762,2.279
594,594,225.6,4.761904762,11.28
595,595,290.4,4.761904762,14.52
596,596,44.46,4.761904762,2.223
597,597,156.6,4.761904762,7.83
598,598,419.94,4.761904762,20.997
599,599,184.25,4.761904762,9.2125
600,600,140.64,4.761904762,7.032
601,601,83.08,4.761904762,4.154
602,602,64.99,4.761904762,3.2495
603,603,775.6,4.761904762,38.78
604,604,327.06,4.761904762,16.353
605,605,363.23,4.761904762,18.1615
606,606,127,4.761904762,6.35
607,607,375.55,4.761904762,18.7775
608,608,199.16,4.761904762,9.958
609,609,30.61,4.761904762,1.5305
610,610,115.78,4.761904762,5.789
611,611,28.96,4.761904762,1.448
612,612,890.73,4.761904762,44.5365
613,613,279.66,4.761904762,13.983
614,614,80.93,4.761904762,4.0465
615,615,674.5,4.761904762,33.725
616,616,348.48,4.761904762,17.424
617,617,435.6,4.761904762,21.78
618,618,439.55,4.761904762,21.9775
619,619,591.18,4.761904762,29.559
620,620,260.76,4.761904762,13.038
621,621,215.04,4.761904762,10.752
622,622,91.61,4.761904762,4.5805
623,623,662.13,4.761904762,33.1065
624,624,832.5,4.761904762,41.625
625,625,91.35,4.761904762,4.5675
626,626,157.76,4.761904762,7.888
627,627,121.74,4.761904762,6.087
628,628,825.8,4.761904762,41.29
629,629,159.9,4.761904762,7.995
630,630,12.09,4.761904762,0.6045
631,631,641.9,4.761904762,32.095
632,632,234.93,4.761904762,11.7465
633,633,167.54,4.761904762,8.377
634,634,299.1,4.761904762,14.955
635,635,239.73,4.761904762,11.9865
636,636,664.7,4.761904762,33.235
637,637,202.65,4.761904762,10.1325
638,638,46.2,4.761904762,2.31
639,639,88.15,4.761904762,4.4075
640,640,157.26,4.761904762,7.863
641,641,296.37,4.761904762,14.8185
642,642,708.4,4.761904762,35.42
643,643,111.34,4.761904762,5.567
644,644,580.16,4.761904762,29.008
645,645,60.25,4.761904762,3.0125
646,646,174.24,4.761904762,8.712
647,647,421.26,4.761904762,21.063
648,648,33.63,4.761904762,1.6815
649,649,30.98,4.761904762,1.549
650,650,247.4,4.761904762,12.37
651,651,378.3,4.761904762,18.915
652,652,334.86,4.761904762,16.743
653,653,727.8,4.761904762,36.39
654,654,335.88,4.761904762,16.794
655,655,240.72,4.761904762,12.036
656,656,47.07,4.761904762,2.3535
657,657,99.69,4.761904762,4.9845
658,658,264.45,4.761904762,13.2225
659,659,139.65,4.761904762,6.9825
660,660,55.45,4.761904762,2.7725
661,661,128.91,4.761904762,6.4455
662,662,119.98,4.761904762,5.999
663,663,352.5,4.761904762,17.625
664,664,871,4.761904762,43.55
665,665,197.6,4.761904762,9.88
666,666,194.52,4.761904762,9.726
667,667,173.22,4.761904762,8.661
668,668,71.88,4.761904762,3.594
669,669,286.26,4.761904762,14.313
670,670,81.24,4.761904762,4.062
671,671,560.4,4.761904762,28.02
672,672,186.8,4.761904762,9.34
673,673,220.23,4.761904762,11.0115
674,674,269.12,4.761904762,13.456
675,675,454.8,4.761904762,22.74
676,676,167.54,4.761904762,8.377
677,677,448.56,4.761904762,22.428
678,678,293.88,4.761904762,14.694
679,679,589.5,4.761904762,29.475
680,680,291,4.761904762,14.55
681,681,39.48,4.761904762,1.974
682,682,34.81,4.761904762,1.7405
683,683,295.92,4.761904762,14.796
684,684,42.96,4.761904762,2.148
685,685,138.48,4.761904762,6.924
686,686,98.2,4.761904762,4.91
687,687,129.66,4.761904762,6.483
688,688,635.6,4.761904762,31.78
689,689,145.76,4.761904762,7.288
690,690,201.3,4.761904762,10.065
691,691,631.71,4.761904762,31.5855
692,692,385.28,4.761904762,19.264
693,693,486.3,4.761904762,24.315
694,694,513.66,4.761904762,25.683
695,695,473.4,4.761904762,23.67
696,696,436.85,4.761904762,21.8425
697,697,108.16,4.761904762,5.408
698,698,248.76,4.761904762,12.438
699,699,626.22,4.761904762,31.311
700,700,975,4.761904762,48.75
701,701,483.28,4.761904762,24.164
702,702,96.96,4.761904762,4.848
703,703,197.7,4.761904762,9.885
704,704,724.23,4.761904762,36.2115
705,705,795.51,4.761904762,39.7755
706,706,502.39,4.761904762,25.1195
707,707,172,4.761904762,8.6
708,708,68.98,4.761904762,3.449
709,709,124.96,4.761904762,6.248
710,710,77.1,4.761904762,3.855
711,711,483.72,4.761904762,24.186
712,712,302.12,4.761904762,15.106
713,713,698.67,4.761904762,34.9335
714,714,124.65,4.761904762,6.2325
715,715,789.6,4.761904762,39.48
716,716,178.4,4.761904762,8.92
717,717,500.22,4.761904762,25.011
718,718,35.82,4.761904762,1.791
719,719,136.14,4.761904762,6.807
720,720,104.88,4.761904762,5.244
721,721,178.92,4.761904762,8.946
722,722,815.67,4.761904762,40.7835
723,723,132.36,4.761904762,6.618
724,724,257.39,4.761904762,12.8695
725,725,93.36,4.761904762,4.668
726,726,228,4.761904762,11.4
727,727,166.71,4.761904762,8.3355
728,728,697.4,4.761904762,34.87
729,729,389.04,4.761904762,19.452
730,730,365.26,4.761904762,18.263
731,731,89.28,4.761904762,4.464
732,732,168,4.761904762,8.4
733,733,19.7,4.761904762,0.985
734,734,531.16,4.761904762,26.558
735,735,53.72,4.761904762,2.686
736,736,819.5,4.761904762,40.975
737,737,568.4,4.761904762,28.42
738,738,587.6,4.761904762,29.38
739,739,732.48,4.761904762,36.624
740,740,845.64,4.761904762,42.282
741,741,389.27,4.761904762,19.4635
742,742,84.83,4.761904762,4.2415
743,743,143.26,4.761904762,7.163
744,744,75.38,4.761904762,3.769
745,745,253.36,4.761904762,12.668
746,746,38.42,4.761904762,1.921
747,747,652.3,4.761904762,32.615
748,748,52.65,4.761904762,2.6325
749,749,110.61,4.761904762,5.5305
750,750,568.61,4.761904762,28.4305
751,751,89.28,4.761904762,4.464
752,752,136.4,4.761904762,6.82
753,753,174.2,4.761904762,8.71
754,754,366.4,4.761904762,18.32
755,755,254.61,4.761904762,12.7305
756,756,778.32,4.761904762,38.916
757,757,285.92,4.761904762,14.296
758,758,579.12,4.761904762,28.956
759,759,188.5,4.761904762,9.425
760,760,221.56,4.761904762,11.078
761,761,772,4.761904762,38.6
762,762,721.3,4.761904762,36.065
763,763,511.04,4.761904762,25.552
764,764,53.45,4.761904762,2.6725
765,765,222,4.761904762,11.1
766,766,763.68,4.761904762,38.184
767,767,228.18,4.761904762,11.409
768,768,82.14,4.761904762,4.107
769,769,382.56,4.761904762,19.128
770,770,68.58,4.761904762,3.429
771,771,382.16,4.761904762,19.108
772,772,601.09,4.761904762,30.0545
773,773,475.93,4.761904762,23.7965
774,774,52.42,4.761904762,2.621
775,775,131.3,4.761904762,6.565
776,776,144.3,4.761904762,7.215
777,777,457.17,4.761904762,22.8585
778,778,93.38,4.761904762,4.669
779,779,126.25,4.761904762,6.3125
780,780,790.83,4.761904762,39.5415
781,781,174.4,4.761904762,8.72
782,782,379.04,4.761904762,18.952
783,783,30.62,4.761904762,1.531
784,784,352.08,4.761904762,17.604
785,785,50.8,4.761904762,2.54
786,786,522.06,4.761904762,26.103
787,787,575.12,4.761904762,28.756
788,788,54.95,4.761904762,2.7475
789,789,181.41,4.761904762,9.0705
790,790,412.37,4.761904762,20.6185
791,791,46.41,4.761904762,2.3205
792,792,274.2,4.761904762,13.71
793,793,973.7,4.761904762,48.685
794,794,648.2,4.761904762,32.41
795,795,93.22,4.761904762,4.661
796,796,54.36,4.761904762,2.718
797,797,60.87,4.761904762,3.0435
798,798,244.9,4.761904762,12.245
799,799,92.78,4.761904762,4.639
800,800,433.45,4.761904762,21.6725
801,801,138.06,4.761904762,6.903
802,802,241.6,4.761904762,12.08
803,803,471.73,4.761904762,23.5865
804,804,440.64,4.761904762,22.032
805,805,680.31,4.761904762,34.0155
806,806,309.88,4.761904762,15.494
807,807,186.36,4.761904762,9.318
808,808,200.92,4.761904762,10.046
809,809,17.75,4.761904762,0.8875
810,810,621.8,4.761904762,31.09
811,811,86,4.761904762,4.3
812,812,402.6,4.761904762,20.13
813,813,324.85,4.761904762,16.2425
814,814,95.15,4.761904762,4.7575
815,815,388.96,4.761904762,19.448
816,816,425.68,4.761904762,21.284
817,817,318.08,4.761904762,15.904
818,818,271.04,4.761904762,13.552
819,819,384.64,4.761904762,19.232
820,820,235.8,4.761904762,11.79
821,821,211.56,4.761904762,10.578
822,822,95.36,4.761904762,4.768
823,823,10.17,4.761904762,0.5085
824,824,206.13,4.761904762,10.3065
825,825,420.56,4.761904762,21.028
826,826,88.04,4.761904762,4.402
827,827,648.99,4.761904762,32.4495
828,828,123.84,4.761904762,6.192
829,829,649.5,4.761904762,32.475
830,830,742.2,4.761904762,37.11
831,831,84.48,4.761904762,4.224
832,832,250.28,4.761904762,12.514
833,833,94.8,4.761904762,4.74
834,834,91.3,4.761904762,4.565
835,835,285.11,4.761904762,14.2555
836,836,52.38,4.761904762,2.619
837,837,192.7,4.761904762,9.635
838,838,267.78,4.761904762,13.389
839,839,558.7,4.761904762,27.935
840,840,175.32,4.761904762,8.766
841,841,155.82,4.761904762,7.791
842,842,60.3,4.761904762,3.015
843,843,78.94,4.761904762,3.947
844,844,29.74,4.761904762,1.487
845,845,21.32,4.761904762,1.066
846,846,281.34,4.761904762,14.067
847,847,73.26,4.761904762,3.663
848,848,22.38,4.761904762,1.119
849,849,655.92,4.761904762,32.796
850,850,594.6,4.761904762,29.73
851,851,74.1,4.761904762,3.705
852,852,196.96,4.761904762,9.848
853,853,372.33,4.761904762,18.6165
854,854,527.9,4.761904762,26.395
855,855,479.75,4.761904762,23.9875
856,856,328.59,4.761904762,16.4295
857,857,168.96,4.761904762,8.448
858,858,113.24,4.761904762,5.662
859,859,345.54,4.761904762,17.277
860,860,428.67,4.761904762,21.4335
861,861,86.27,4.761904762,4.3135
862,862,25.52,4.761904762,1.276
863,863,101.52,4.761904762,5.076
864,864,357.49,4.761904762,17.8745
865,865,238.77,4.761904762,11.9385
866,866,101.43,4.761904762,5.0715
867,867,724.24,4.761904762,36.212
868,868,125.64,4.761904762,6.282
869,869,72.93,4.761904762,3.6465
870,870,258.36,4.761904762,12.918
871,871,173.74,4.761904762,8.687
872,872,56.5,4.761904762,2.825
873,873,214.3,4.761904762,10.715
874,874,534.36,4.761904762,26.718
875,875,93.16,4.761904762,4.658
876,876,522.08,4.761904762,26.104
877,877,52.35,4.761904762,2.6175
878,878,39.75,4.761904762,1.9875
879,879,720.16,4.761904762,36.008
880,880,96.8,4.761904762,4.84
881,881,332.1,4.761904762,16.605
882,882,81.44,4.761904762,4.072
883,883,319.9,4.761904762,15.995
884,884,206.52,4.761904762,10.326
885,885,166.68,4.761904762,8.334
886,886,319.06,4.761904762,15.953
887,887,87.9,4.761904762,4.395
888,888,734.7,4.761904762,36.735
889,889,97.52,4.761904762,4.876
890,890,769.2,4.761904762,38.46
891,891,418.3,4.761904762,20.915
892,892,463.28,4.761904762,23.164
893,893,462.45,4.761904762,23.1225
894,894,141.9,4.761904762,7.095
895,895,302.7,4.761904762,15.135
896,896,793.28,4.761904762,39.664
897,897,425.18,4.761904762,21.259
898,898,283.62,4.761904762,14.181
899,899,599.2,4.761904762,29.96
900,900,315.36,4.761904762,15.768
901,901,403.56,4.761904762,20.178
902,902,183.88,4.761904762,9.194
903,903,138.65,4.761904762,6.9325
904,904,80.71,4.761904762,4.0355
905,905,116.64,4.761904762,5.832
906,906,313.52,4.761904762,15.676
907,907,846.1,4.761904762,42.305
908,908,414.4,4.761904762,20.72
909,909,159.08,4.761904762,7.954
910,910,490.1,4.761904762,24.505
911,911,87.45,4.761904762,4.3725
912,912,224.52,4.761904762,11.226
913,913,744.96,4.761904762,37.248
914,914,410.72,4.761904762,20.536
915,915,298.8,4.761904762,14.94
916,916,212.94,4.761904762,10.647
917,917,42.85,4.761904762,2.1425
918,918,378.68,4.761904762,18.934
919,919,206.91,4.761904762,10.3455
920,920,78.78,4.761904762,3.939
921,921,322.11,4.761904762,16.1055
922,922,98.22,4.761904762,4.911
923,923,25.46,4.761904762,1.273
924,924,581.98,4.761904762,29.099
925,925,211.32,4.761904762,10.566
926,926,55.12,4.761904762,2.756
927,927,88.31,4.761904762,4.4155
928,928,356.58,4.761904762,17.829
929,929,794.25,4.761904762,39.7125
930,930,50.62,4.761904762,2.531
931,931,599.52,4.761904762,29.976
932,932,166.7,4.761904762,8.335
933,933,744.4,4.761904762,37.22
934,934,448.56,4.761904762,22.428
935,935,378.9,4.761904762,18.945
936,936,257.16,4.761904762,12.858
937,937,552.23,4.761904762,27.6115
938,938,447.4,4.761904762,22.37
939,939,276.27,4.761904762,13.8135
940,940,343.74,4.761904762,17.187
941,941,266.08,4.761904762,13.304
942,942,898.38,4.761904762,44.919
943,943,456.8,4.761904762,22.84
944,944,253.95,4.761904762,12.6975
945,945,70.56,4.761904762,3.528
946,946,657.16,4.761904762,32.858
947,947,168.5,4.761904762,8.425
948,948,53.78,4.761904762,2.689
949,949,179.05,4.761904762,8.9525
950,950,211.44,4.761904762,10.572
951,951,119.73,4.761904762,5.9865
952,952,65.7,4.761904762,3.285
953,953,251.4,4.761904762,12.57
954,954,84.16,4.761904762,4.208
955,955,395.46,4.761904762,19.773
956,956,297.99,4.761904762,14.8995
957,957,454.41,4.761904762,22.7205
958,958,276.12,4.761904762,13.806
959,959,158,4.761904762,7.9
960,960,887.94,4.761904762,44.397
961,961,91.98,4.761904762,4.599
962,962,41.78,4.761904762,2.089
963,963,15.5,4.761904762,0.775
964,964,290.46,4.761904762,14.523
965,965,66.66,4.761904762,3.333
966,966,76.54,4.761904762,3.827
967,967,299.7,4.761904762,14.985
968,968,243.03,4.761904762,12.1515
969,969,47.4,4.761904762,2.37
970,970,172.45,4.761904762,8.6225
971,971,846.3,4.761904762,42.315
972,972,258.37,4.761904762,12.9185
973,973,609.56,4.761904762,30.478
974,974,240.24,4.761904762,12.012
975,975,172.26,4.761904762,8.613
976,976,99.84,4.761904762,4.992
977,977,298.64,4.761904762,14.932
978,978,159.6,4.761904762,7.98
979,979,25.45,4.761904762,1.2725
980,980,67.77,4.761904762,3.3885
981,981,238.36,4.761904762,11.918
982,982,232.6,4.761904762,11.63
983,983,877.32,4.761904762,43.866
984,984,699.72,4.761904762,34.986
985,985,674.59,4.761904762,33.7295
986,986,318.55,4.761904762,15.9275
987,987,29.52,4.761904762,1.476
988,988,496,4.761904762,24.8
989,989,823.4,4.761904762,41.17
990,990,602.96,4.761904762,30.148
991,991,282.8,4.761904762,14.14
992,992,766,4.761904762,38.3
993,993,116.06,4.761904762,5.803
994,994,174.9,4.761904762,8.745
995,995,60.95,4.761904762,3.0475
996,996,40.35,4.761904762,2.0175
997,997,973.8,4.761904762,48.69
998,998,31.84,4.761904762,1.592
999,999,65.82,4.761904762,3.291
1000,1000,618.38,4.761904762,30.919
